epoch,step,train_loss,val_loss
0,229,,0.02906462922692299
0,229,0.08467661589384079,
