site_id,season,rmse,mae,persistence_rmse,persistence_mae,rmse_skill_vs_persistence,mae_skill_vs_persistence
1,fall,2.685616541252032,1.9844551881606394,7.494530182070684,5.809336559236616,0.6416564513040608,0.6584024409800404
1,spring,3.2098974078204683,2.3712123721177063,7.401460731542537,5.716516786115039,0.5663156876397433,0.5851997884660829
1,summer,2.324615914070497,1.6962722759251372,10.145855126344387,8.13780770218222,0.7708802377796153,0.7915566036943503
1,winter,3.1109415983808546,2.33339928554509,5.627865587587939,4.216805096412686,0.4472253201565568,0.4466428416314152
